Date,Categories,Paymentmode,Description,Amount,Cashback
2024-01-26,Fees,NEFT,Semfee,696.44,5.96
2024-01-23,Subcription,Cash,Hotstar,210.29,3.88
2024-01-30,Groceries,Cash,Weekly purchase,91.81,0.06
2024-01-22,Fees,Credit Card,Termfee,871.12,6.67
2024-01-31,Investments,Cash,Postoffice,1395.41,7.66
2024-01-27,Vegetables,NEFT,Weekly purchase,1315.89,4.55
2024-01-24,Fees,Credit Card,Coursefee,1084.92,3.01
2024-01-11,Subcription,UPI,Amazonprime,582.04,2.86
2024-01-10,Bills,UPI,Cable,1854.07,8.13
2024-01-11,Bills,NEFT,Mobile,570.03,1.3
2024-01-08,Vegetables,NEFT,Weekly purchase,1250.71,6.32
2024-01-04,Vegetables,Cash,Weekly purchase,652.67,2.16
2024-01-05,Vegetables,NEFT,Weekly purchase,1679.02,0.3
2024-01-22,Investments,Credit Card,RD,836.5,5.15
2024-01-02,Groceries,Credit Card,Weekly purchase,137.8,3.85
2024-01-25,Fees,NEFT,Termfee,843.43,9.14
2024-01-30,Groceries,UPI,Weekly purchase,758.47,2.03
2024-01-20,Fees,Cash,Semfee,1756.4,9.23
2024-01-27,Fees,UPI,Semfee,1574.58,6.31
2024-01-01,Fees,UPI,Semfee,867.22,1.51
2024-01-05,Subcription,UPI,Hotstar,1969.79,3.38
2024-01-29,Bills,Cash,Houserent,980.55,7.91
2024-01-02,Vegetables,UPI,Weekly purchase,1067.92,7.91
2024-01-13,Vegetables,NEFT,Weekly purchase,1058.89,0.03
2024-01-09,Health,UPI,Bought Medicine,1793.94,9.85
2024-01-23,Investments,UPI,Insurance,1383.2,9.42
2024-01-27,Bills,Cash,Houserent,1132.19,3.18
2024-01-22,Health,Cash,Health Drinks,695.62,0.62
2024-01-11,Groceries,Cash,Weekly purchase,1268.51,6.77
2024-01-21,Groceries,Credit Card,Weekly purchase,136.33,4.44
2024-01-20,Bills,NEFT,Houserent,689.77,4.35
2024-01-20,Fees,Credit Card,Semfee,1457.58,6.36
2024-01-27,Bills,NEFT,Gas,52.53,5.5
2024-01-28,Shopping,UPI,New Gadgets,1592.48,3.05
2024-01-03,Health,UPI,Bought Medicine,1641.19,5.87
2024-01-29,Fees,Credit Card,Semfee,321.19,9.29
2024-01-28,Groceries,Credit Card,Weekly purchase,1052.16,6.26
2024-01-12,Bills,Credit Card,Gas,889.97,4.65
2024-01-20,Health,NEFT,Gym Workout,450.09,4.19
2024-01-20,Fees,UPI,Termfee,1042.86,0.53
2024-01-10,Fees,NEFT,Termfee,1952.83,9.9
2024-01-22,Vegetables,Credit Card,Weekly purchase,1425.26,5.82
2024-01-21,Subcription,UPI,Spotify,371.34,4.76
2024-01-29,Groceries,UPI,Weekly purchase,1650.93,8.57
2024-01-09,Bills,NEFT,Houserent,1792.69,2.11
2024-01-08,Subcription,NEFT,Amazonprime,1257.03,8.43
2024-01-25,Shopping,Cash,New Furnitures,318.02,6.78
2024-01-13,Vegetables,NEFT,Weekly purchase,1284.61,4.63
2024-01-07,Shopping,NEFT,Purchase New Cloth,1668.05,8.33
2024-01-16,Bills,UPI,Gas,1454.45,0.99
2024-01-04,Subcription,NEFT,Spotify,1229.26,9.64
2024-01-19,Shopping,Cash,Electronic Things,557.6,8.29
2024-01-21,Subcription,Cash,Hotstar,1672.72,1.14
2024-01-01,Subcription,Cash,Hotstar,292.66,6.13
2024-01-05,Shopping,Credit Card,Electronic Things,1760.15,5.79
2024-01-26,Vegetables,Cash,Weekly purchase,1236.11,9.65
2024-01-06,Fees,Credit Card,Coursefee,638.82,8.82
2024-01-31,Bills,Cash,EB,58.51,2.12
2024-01-11,Investments,Cash,RD,1813.19,8.05
2024-01-03,Investments,NEFT,Postoffice,423.36,7.69
2024-01-27,Vegetables,Credit Card,Weekly purchase,1361.06,5.11
2024-01-01,Groceries,Credit Card,Weekly purchase,1360.44,8.48
2024-01-11,Groceries,Credit Card,Weekly purchase,593.88,3.12
2024-01-17,Investments,UPI,Postoffice,745.22,3.22
2024-01-30,Fees,NEFT,Termfee,839.87,4.66
2024-01-05,Subcription,Cash,Amazonprime,778.41,0.4
2024-01-06,Bills,UPI,Cable,1428.18,0.7
2024-01-03,Shopping,Cash,Purchase New Cloth,1068.35,7.99
2024-01-29,Vegetables,UPI,Weekly purchase,902.15,5.73
2024-01-06,Vegetables,NEFT,Weekly purchase,481.06,6.29
2024-01-09,Groceries,UPI,Weekly purchase,682.79,5.32
2024-01-16,Groceries,NEFT,Weekly purchase,1497.15,6.62
2024-01-21,Health,NEFT,Nutrition,1163.51,8.45
2024-01-10,Shopping,UPI,Purchase New Cloth,1611.28,6.35
2024-01-29,Investments,Cash,RD,1345.49,0.82
2024-01-04,Fees,Cash,Termfee,868.52,3.56
2024-01-17,Subcription,UPI,Spotify,248.09,2.2
2024-01-24,Fees,NEFT,Termfee,813.53,3.37
2024-01-11,Investments,Cash,Postoffice,451.85,0.04
2024-01-22,Bills,Cash,Cable,1505.57,1.29
2024-01-13,Bills,UPI,Cable,591.71,1.33
2024-01-23,Health,Cash,Bought Medicine,1986.28,3.1
2024-01-26,Subcription,UPI,Amazonprime,1901.63,1.48
2024-01-15,Shopping,Cash,New Gadgets,1314.43,6.58
2024-01-02,Shopping,NEFT,Kitchen Things,1769.54,0.31
2024-01-30,Bills,Credit Card,Houserent,1139.71,1.4
2024-01-09,Subcription,UPI,Spotify,1978.99,0.37
2024-01-09,Subcription,Cash,Amazonprime,1170.18,3.07
2024-01-11,Vegetables,Cash,Weekly purchase,472.51,5.81
2024-01-10,Subcription,NEFT,Amazonprime,1989.93,8.63
2024-01-02,Groceries,Cash,Weekly purchase,1678.43,7.07
2024-01-10,Subcription,Cash,Hotstar,375.67,9.58
2024-01-30,Groceries,Cash,Weekly purchase,235.94,5.04
2024-01-03,Health,Credit Card,Nutrition,1887.97,1.71
2024-01-18,Bills,UPI,Houserent,1048.07,8.62
2024-01-02,Investments,Cash,Postoffice,1806.88,5.75
2024-01-10,Health,UPI,Doctor Consultation,1632.31,9.15
2024-01-31,Bills,NEFT,Mobile,504.13,2.84
2024-01-19,Vegetables,Cash,Weekly purchase,485.25,0.77
2024-01-06,Shopping,UPI,New Furnitures,1899.47,9.4
2024-02-05,Subcription,Credit Card,Amazonprime,343.39,6.53
2024-02-09,Shopping,UPI,Purchase New Cloth,633.27,4.0
2024-02-29,Groceries,UPI,Weekly purchase,1754.34,3.43
2024-02-10,Groceries,UPI,Weekly purchase,1275.97,2.67
2024-02-24,Groceries,UPI,Weekly purchase,135.14,6.67
2024-02-14,Subcription,Credit Card,Spotify,1890.46,4.73
2024-02-20,Groceries,Cash,Weekly purchase,94.27,3.72
2024-02-04,Vegetables,NEFT,Weekly purchase,276.6,1.16
2024-02-28,Groceries,NEFT,Weekly purchase,928.66,0.0
2024-02-01,Health,Cash,Doctor Consultation,415.88,3.15
2024-02-12,Groceries,UPI,Weekly purchase,1861.32,4.37
2024-02-06,Vegetables,Credit Card,Weekly purchase,991.09,6.65
2024-02-18,Vegetables,NEFT,Weekly purchase,1215.95,9.01
2024-02-21,Subcription,Cash,Amazonprime,810.63,8.88
2024-02-22,Health,NEFT,Doctor Consultation,633.48,8.36
2024-02-28,Investments,Credit Card,RD,1236.96,8.73
2024-02-04,Groceries,Cash,Weekly purchase,1831.47,6.3
2024-02-11,Groceries,Credit Card,Weekly purchase,33.95,5.7
2024-02-02,Bills,NEFT,Cable,297.58,2.16
2024-02-11,Fees,Credit Card,Semfee,1391.73,2.27
2024-02-12,Bills,Credit Card,Cable,479.39,4.77
2024-02-13,Investments,UPI,RD,1941.09,3.59
2024-02-15,Bills,UPI,Houserent,1194.67,3.2
2024-02-15,Investments,NEFT,Postoffice,809.59,4.35
2024-02-14,Health,Credit Card,Bought Medicine,1795.98,4.88
2024-02-23,Vegetables,Credit Card,Weekly purchase,415.6,8.1
2024-02-19,Health,Credit Card,Bought Medicine,937.93,7.45
2024-02-25,Fees,Credit Card,Termfee,1265.4,0.47
2024-02-06,Bills,NEFT,Mobile,1333.13,1.35
2024-02-09,Groceries,Cash,Weekly purchase,28.49,5.76
2024-02-11,Subcription,Cash,Hotstar,301.05,5.91
2024-02-22,Health,NEFT,Nutrition,1788.57,9.64
2024-02-25,Fees,UPI,Coursefee,1537.08,8.2
2024-02-01,Vegetables,Cash,Weekly purchase,84.6,9.88
2024-02-23,Investments,Cash,RD,459.41,4.98
2024-02-07,Investments,UPI,Postoffice,1855.23,4.85
2024-02-01,Health,NEFT,Bought Medicine,297.58,5.85
2024-02-04,Shopping,Credit Card,Electronic Things,809.59,5.69
2024-02-20,Vegetables,NEFT,Weekly purchase,370.72,6.64
2024-02-23,Shopping,Cash,Purchase New Cloth,1987.66,8.21
2024-02-27,Investments,NEFT,RD,1251.64,5.85
2024-02-27,Bills,Cash,Wifi,1743.13,6.06
2024-02-29,Vegetables,UPI,Weekly purchase,1675.8,9.41
2024-02-12,Shopping,NEFT,Purchase New Cloth,1560.69,2.76
2024-02-19,Fees,NEFT,Coursefee,1803.77,4.07
2024-02-22,Fees,Credit Card,Semfee,1935.88,5.65
2024-02-20,Investments,NEFT,Insurance,936.24,1.28
2024-02-12,Health,Credit Card,Bought Medicine,406.0,5.86
2024-02-21,Fees,NEFT,Semfee,1752.91,4.0
2024-02-26,Fees,UPI,Termfee,1303.2,9.03
2024-02-04,Groceries,NEFT,Weekly purchase,376.07,6.54
2024-02-02,Groceries,Cash,Weekly purchase,283.52,2.63
2024-02-28,Fees,NEFT,Termfee,1447.0,8.25
2024-02-21,Subcription,UPI,Hotstar,347.28,0.63
2024-02-23,Shopping,NEFT,Kitchen Things,1042.9,7.09
2024-02-12,Shopping,NEFT,New Gadgets,1516.03,9.52
2024-02-04,Investments,Credit Card,RD,385.34,0.74
2024-02-26,Bills,NEFT,Gas,1501.11,6.54
2024-02-28,Fees,NEFT,Coursefee,691.32,3.74
2024-02-09,Investments,Cash,RD,1097.52,0.49
2024-02-05,Shopping,NEFT,New Gadgets,1546.04,9.46
2024-02-09,Vegetables,NEFT,Weekly purchase,468.14,1.67
2024-02-26,Bills,NEFT,Wifi,109.61,6.96
2024-02-06,Groceries,NEFT,Weekly purchase,1558.34,7.39
2024-02-25,Bills,Cash,Mobile,1257.87,1.9
2024-02-17,Subcription,Cash,Hotstar,1463.84,1.32
2024-02-23,Investments,Cash,Postoffice,222.51,4.28
2024-02-14,Vegetables,NEFT,Weekly purchase,1629.15,9.51
2024-02-01,Subcription,UPI,Spotify,370.86,3.4
2024-02-04,Groceries,NEFT,Weekly purchase,1371.7,2.22
2024-02-01,Shopping,NEFT,Purchase New Cloth,1568.73,2.77
2024-02-06,Vegetables,Cash,Weekly purchase,516.69,8.55
2024-02-24,Vegetables,Credit Card,Weekly purchase,458.92,7.75
2024-02-28,Groceries,Credit Card,Weekly purchase,1221.32,1.87
2024-02-15,Bills,Cash,Gas,1020.85,4.71
2024-02-13,Investments,UPI,RD,603.34,2.33
2024-02-10,Investments,Cash,Insurance,1115.6,4.94
2024-02-06,Fees,Credit Card,Termfee,1545.04,6.09
2024-02-04,Groceries,Credit Card,Weekly purchase,402.38,8.25
2024-02-16,Shopping,Cash,Purchase New Cloth,197.14,8.84
2024-02-06,Bills,UPI,Cable,1608.07,7.38
2024-02-14,Fees,Cash,Semfee,1160.12,1.24
2024-02-28,Investments,NEFT,Insurance,302.23,1.23
2024-02-03,Vegetables,Credit Card,Weekly purchase,489.56,5.91
2024-02-07,Bills,Credit Card,EB,210.03,3.51
2024-02-18,Vegetables,Cash,Weekly purchase,979.99,2.08
2024-02-04,Shopping,Cash,Purchase New Cloth,502.01,5.0
2024-02-22,Bills,Credit Card,Houserent,1809.97,3.84
2024-02-08,Groceries,Cash,Weekly purchase,30.14,1.42
2024-02-05,Groceries,UPI,Weekly purchase,1343.82,6.81
2024-02-02,Health,Credit Card,Nutrition,676.51,8.4
2024-02-22,Subcription,Credit Card,Spotify,1838.47,0.76
2024-02-14,Shopping,Credit Card,New Furnitures,1949.73,2.95
2024-02-05,Subcription,NEFT,Spotify,461.96,6.94
2024-02-06,Bills,Credit Card,Cable,980.57,7.03
2024-02-08,Groceries,UPI,Weekly purchase,1693.95,3.63
2024-02-10,Bills,UPI,Cable,272.02,1.8
2024-02-01,Vegetables,Cash,Weekly purchase,1582.12,2.39
2024-02-28,Health,Cash,Health Drinks,1034.18,1.85
2024-02-28,Health,Cash,Health Drinks,963.57,2.08
2024-03-12,Vegetables,Credit Card,Weekly purchase,1845.73,2.08
2024-03-28,Subcription,UPI,Hotstar,211.67,3.96
2024-03-25,Fees,Cash,Coursefee,349.02,5.64
2024-03-07,Investments,Credit Card,RD,282.3,4.8
2024-03-17,Subcription,Credit Card,Spotify,589.63,2.08
2024-03-29,Vegetables,Cash,Weekly purchase,1331.31,2.49
2024-03-29,Groceries,UPI,Weekly purchase,564.47,1.73
2024-03-20,Health,NEFT,Doctor Consultation,1020.05,4.92
2024-03-23,Vegetables,Credit Card,Weekly purchase,1573.12,9.41
2024-03-29,Groceries,Cash,Weekly purchase,1593.21,4.37
2024-03-15,Subcription,Credit Card,Hotstar,482.35,5.78
2024-03-13,Health,Credit Card,Doctor Consultation,519.91,6.09
2024-03-14,Subcription,Cash,Spotify,1023.86,7.2
2024-03-29,Vegetables,UPI,Weekly purchase,1474.12,5.2
2024-03-13,Vegetables,UPI,Weekly purchase,675.33,8.42
2024-03-17,Vegetables,Cash,Weekly purchase,573.83,9.76
2024-03-27,Groceries,NEFT,Weekly purchase,1059.45,1.3
2024-03-09,Groceries,Credit Card,Weekly purchase,1754.69,5.95
2024-03-07,Shopping,Credit Card,New Gadgets,1406.02,9.8
2024-03-01,Groceries,NEFT,Weekly purchase,311.99,8.09
2024-03-17,Subcription,NEFT,Amazonprime,1456.24,6.19
2024-03-09,Health,NEFT,Gym Workout,684.59,9.17
2024-03-03,Investments,UPI,Insurance,1588.19,3.04
2024-03-02,Health,NEFT,Nutrition,235.15,5.72
2024-03-01,Subcription,UPI,Spotify,372.22,8.75
2024-03-29,Health,Cash,Health Drinks,924.98,2.96
2024-03-29,Bills,Credit Card,Mobile,794.75,1.13
2024-03-31,Bills,Cash,Mobile,1922.91,9.04
2024-03-26,Shopping,UPI,Electronic Things,174.87,9.08
2024-03-10,Shopping,UPI,New Gadgets,1209.9,1.31
2024-03-31,Investments,UPI,Insurance,586.76,7.02
2024-03-03,Vegetables,UPI,Weekly purchase,1326.39,1.45
2024-03-22,Investments,NEFT,Insurance,708.49,2.36
2024-03-30,Subcription,Credit Card,Amazonprime,973.66,2.92
2024-03-21,Fees,NEFT,Termfee,838.96,7.75
2024-03-01,Bills,Cash,Wifi,1971.88,0.17
2024-03-16,Subcription,Credit Card,Hotstar,1523.12,2.9
2024-03-20,Subcription,Cash,Spotify,325.73,2.16
2024-03-07,Groceries,NEFT,Weekly purchase,404.56,9.96
2024-03-04,Vegetables,Credit Card,Weekly purchase,1529.97,3.83
2024-03-15,Investments,NEFT,RD,415.35,4.56
2024-03-13,Shopping,Credit Card,Kitchen Things,1423.38,9.26
2024-03-10,Subcription,Credit Card,Hotstar,1387.75,5.92
2024-03-20,Health,UPI,Health Drinks,1072.47,8.01
2024-03-10,Vegetables,NEFT,Weekly purchase,388.17,6.58
2024-03-23,Vegetables,NEFT,Weekly purchase,1622.52,7.5
2024-03-22,Fees,Cash,Semfee,203.73,0.6
2024-03-05,Vegetables,Credit Card,Weekly purchase,1953.27,0.74
2024-03-01,Shopping,Cash,Kitchen Things,1553.36,7.92
2024-03-03,Subcription,Cash,Hotstar,1030.02,8.13
2024-03-16,Subcription,Cash,Amazonprime,1535.89,5.32
2024-03-23,Bills,NEFT,Gas,356.05,2.36
2024-03-28,Vegetables,UPI,Weekly purchase,522.43,4.63
2024-03-15,Health,Cash,Nutrition,1648.09,3.52
2024-03-29,Fees,Credit Card,Semfee,1460.48,2.77
2024-03-10,Health,Cash,Doctor Consultation,1402.04,7.17
2024-03-25,Bills,UPI,Cable,1186.3,4.03
2024-03-22,Vegetables,UPI,Weekly purchase,808.17,1.41
2024-03-18,Bills,UPI,Gas,1592.24,5.98
2024-03-20,Fees,NEFT,Coursefee,945.58,2.34
2024-03-21,Bills,UPI,Gas,1485.16,4.33
2024-03-27,Bills,Cash,Cable,1769.13,0.37
2024-03-09,Investments,Cash,RD,1607.36,2.45
2024-03-07,Health,Cash,Nutrition,1730.59,7.31
2024-03-05,Investments,Cash,RD,1091.46,1.83
2024-03-21,Subcription,Cash,Hotstar,1151.01,1.85
2024-03-22,Investments,Cash,Insurance,1326.42,2.78
2024-03-23,Investments,NEFT,RD,686.26,9.73
2024-03-23,Investments,Credit Card,Insurance,802.58,3.68
2024-03-13,Subcription,Credit Card,Spotify,735.09,6.71
2024-03-03,Health,NEFT,Health Drinks,408.42,4.49
2024-03-19,Health,UPI,Nutrition,1534.07,3.6
2024-03-10,Subcription,UPI,Spotify,1508.33,2.59
2024-03-26,Investments,NEFT,Postoffice,360.52,6.07
2024-03-25,Fees,Credit Card,Semfee,1708.95,2.5
2024-03-01,Health,UPI,Health Drinks,15.44,8.89
2024-03-22,Vegetables,Credit Card,Weekly purchase,1193.33,9.45
2024-03-31,Bills,Cash,Wifi,1553.29,9.25
2024-03-08,Fees,NEFT,Coursefee,1864.43,8.56
2024-03-07,Groceries,Cash,Weekly purchase,1756.65,6.82
2024-03-23,Subcription,Credit Card,Spotify,735.77,5.22
2024-03-13,Vegetables,Credit Card,Weekly purchase,1549.0,1.32
2024-03-09,Shopping,Cash,New Gadgets,826.54,2.09
2024-03-17,Shopping,UPI,Kitchen Things,1437.34,3.33
2024-03-05,Groceries,UPI,Weekly purchase,766.08,4.78
2024-03-19,Fees,NEFT,Coursefee,1177.93,2.94
2024-03-19,Investments,Cash,Insurance,640.52,9.64
2024-03-20,Shopping,NEFT,Electronic Things,148.06,7.88
2024-03-30,Bills,Cash,Mobile,114.28,2.56
2024-03-18,Bills,NEFT,Mobile,580.32,6.7
2024-03-26,Fees,Cash,Termfee,534.91,3.48
2024-03-05,Subcription,Credit Card,Hotstar,302.53,8.22
2024-03-29,Vegetables,Credit Card,Weekly purchase,894.48,8.45
2024-03-12,Investments,Cash,Insurance,924.22,7.84
2024-03-09,Groceries,NEFT,Weekly purchase,180.83,4.93
2024-03-11,Fees,NEFT,Termfee,530.88,9.94
2024-03-28,Bills,Credit Card,Cable,1619.25,4.14
2024-03-21,Bills,Cash,Houserent,1567.33,5.19
2024-03-27,Bills,Cash,Houserent,986.35,4.44
2024-03-25,Investments,Credit Card,RD,1129.03,3.73
2024-04-29,Shopping,Cash,Purchase New Cloth,1214.38,3.13
2024-04-01,Health,Credit Card,Doctor Consultation,1029.71,3.38
2024-04-13,Investments,Cash,Postoffice,14.89,6.97
2024-04-19,Vegetables,UPI,Weekly purchase,1438.8,4.3
2024-04-30,Bills,Cash,EB,1904.83,1.47
2024-04-30,Health,Cash,Gym Workout,618.33,5.35
2024-04-07,Bills,Credit Card,EB,612.46,4.18
2024-04-25,Bills,Credit Card,Houserent,722.59,7.89
2024-04-05,Shopping,UPI,Purchase New Cloth,1055.16,4.3
2024-04-10,Bills,UPI,Cable,1228.14,9.76
2024-04-29,Fees,UPI,Termfee,462.74,1.61
2024-04-08,Groceries,Cash,Weekly purchase,1505.61,3.88
2024-04-22,Shopping,Cash,Electronic Things,1162.83,7.16
2024-04-07,Health,UPI,Gym Workout,1351.17,0.42
2024-04-03,Fees,NEFT,Semfee,986.42,7.14
2024-04-28,Health,Cash,Gym Workout,1504.68,3.63
2024-04-05,Investments,UPI,RD,1193.11,1.32
2024-04-30,Health,Credit Card,Doctor Consultation,1084.25,1.38
2024-04-16,Bills,Credit Card,Gas,1698.29,2.48
2024-04-17,Shopping,NEFT,Kitchen Things,152.68,9.98
2024-04-14,Bills,Cash,Mobile,781.41,9.3
2024-04-19,Vegetables,Credit Card,Weekly purchase,1344.0,1.72
2024-04-12,Groceries,Cash,Weekly purchase,732.83,7.0
2024-04-01,Fees,Credit Card,Semfee,1983.99,9.47
2024-04-24,Health,Credit Card,Health Drinks,685.77,9.43
2024-04-22,Fees,NEFT,Coursefee,355.49,0.7
2024-04-02,Bills,Cash,EB,281.67,7.6
2024-04-15,Groceries,Cash,Weekly purchase,1119.5,7.26
2024-04-26,Fees,NEFT,Coursefee,1908.65,3.41
2024-04-16,Subcription,Cash,Spotify,481.03,9.81
2024-04-29,Shopping,NEFT,Kitchen Things,1649.26,4.11
2024-04-26,Fees,Cash,Termfee,1090.5,2.26
2024-04-06,Shopping,Credit Card,New Furnitures,1734.75,7.9
2024-04-27,Fees,Cash,Termfee,641.56,6.15
2024-04-22,Vegetables,NEFT,Weekly purchase,173.5,1.01
2024-04-26,Groceries,Cash,Weekly purchase,1300.01,0.62
2024-04-24,Shopping,Credit Card,Kitchen Things,770.09,1.18
2024-04-12,Subcription,NEFT,Spotify,390.48,5.8
2024-04-25,Health,Cash,Doctor Consultation,296.34,7.9
2024-04-20,Fees,Credit Card,Termfee,912.29,6.21
2024-04-26,Vegetables,UPI,Weekly purchase,1893.96,7.54
2024-04-23,Fees,Credit Card,Termfee,938.72,5.48
2024-04-28,Fees,Cash,Termfee,1261.65,3.88
2024-04-19,Shopping,UPI,Kitchen Things,168.2,7.36
2024-04-21,Health,Credit Card,Health Drinks,1987.56,9.74
2024-04-11,Subcription,Credit Card,Amazonprime,12.67,1.01
2024-04-02,Subcription,NEFT,Hotstar,1337.16,5.7
2024-04-29,Bills,NEFT,EB,113.81,4.13
2024-04-14,Investments,UPI,Postoffice,279.62,3.89
2024-04-22,Subcription,Cash,Amazonprime,1927.24,2.8
2024-04-07,Groceries,UPI,Weekly purchase,239.16,4.7
2024-04-12,Subcription,UPI,Hotstar,222.94,0.21
2024-04-18,Vegetables,Cash,Weekly purchase,332.52,1.26
2024-04-12,Vegetables,UPI,Weekly purchase,670.57,3.4
2024-04-13,Health,UPI,Bought Medicine,132.8,2.66
2024-04-07,Health,UPI,Bought Medicine,1834.09,8.0
2024-04-14,Investments,Credit Card,RD,100.47,9.28
2024-04-20,Health,Credit Card,Gym Workout,957.79,1.14
2024-04-01,Subcription,Credit Card,Amazonprime,1590.36,2.08
2024-04-21,Investments,UPI,Insurance,113.27,8.83
2024-04-26,Investments,Credit Card,Insurance,843.23,3.19
2024-04-06,Bills,Credit Card,Cable,1685.61,1.23
2024-04-06,Health,Cash,Bought Medicine,285.56,7.35
2024-04-02,Investments,Credit Card,RD,715.11,8.06
2024-04-30,Vegetables,NEFT,Weekly purchase,787.02,2.8
2024-04-14,Subcription,Cash,Hotstar,1139.99,8.47
2024-04-17,Subcription,Credit Card,Spotify,1474.72,1.16
2024-04-09,Health,Credit Card,Doctor Consultation,1786.29,4.9
2024-04-03,Vegetables,UPI,Weekly purchase,828.33,6.99
2024-04-20,Bills,NEFT,Mobile,79.55,7.72
2024-04-09,Fees,NEFT,Termfee,642.97,0.69
2024-04-08,Subcription,Credit Card,Amazonprime,1968.82,9.59
2024-04-13,Groceries,Credit Card,Weekly purchase,1796.87,4.55
2024-04-20,Bills,Credit Card,Gas,1009.7,4.18
2024-04-07,Groceries,UPI,Weekly purchase,1484.12,5.51
2024-04-30,Subcription,UPI,Spotify,398.3,5.59
2024-04-22,Investments,Credit Card,Insurance,1778.94,1.65
2024-04-26,Health,UPI,Bought Medicine,1733.77,8.26
2024-04-22,Health,UPI,Doctor Consultation,259.07,7.31
2024-04-24,Investments,UPI,RD,1003.4,8.07
2024-04-16,Groceries,Cash,Weekly purchase,226.27,2.64
2024-04-28,Vegetables,UPI,Weekly purchase,263.65,8.18
2024-04-24,Bills,NEFT,Wifi,580.65,0.89
2024-04-17,Shopping,Credit Card,Kitchen Things,295.85,8.57
2024-04-30,Fees,NEFT,Termfee,1711.92,4.54
2024-04-04,Health,UPI,Bought Medicine,261.09,3.5
2024-04-27,Subcription,Credit Card,Amazonprime,1888.28,6.62
2024-04-28,Vegetables,Credit Card,Weekly purchase,523.05,6.12
2024-04-12,Subcription,UPI,Hotstar,984.66,9.81
2024-04-15,Investments,Credit Card,RD,1712.02,2.03
2024-04-02,Subcription,Credit Card,Amazonprime,1521.51,9.19
2024-04-21,Health,Cash,Health Drinks,1694.69,0.79
2024-04-06,Bills,Cash,Mobile,1173.77,2.94
2024-04-16,Health,Credit Card,Health Drinks,1094.78,2.5
2024-04-17,Health,UPI,Nutrition,1860.05,7.92
2024-04-29,Vegetables,Cash,Weekly purchase,1293.81,6.57
2024-04-16,Bills,NEFT,EB,331.06,4.78
2024-04-12,Vegetables,Cash,Weekly purchase,263.01,6.92
2024-04-22,Vegetables,Cash,Weekly purchase,407.54,2.62
2024-04-22,Fees,NEFT,Coursefee,491.36,9.4
2024-05-27,Fees,UPI,Semfee,1647.21,5.05
2024-05-10,Investments,NEFT,Insurance,607.24,7.64
2024-05-24,Shopping,Cash,Electronic Things,1689.72,3.57
2024-05-15,Investments,Credit Card,Postoffice,580.39,3.2
2024-05-27,Groceries,NEFT,Weekly purchase,1215.9,9.83
2024-05-16,Vegetables,Cash,Weekly purchase,1642.1,5.4
2024-05-14,Vegetables,Cash,Weekly purchase,1018.06,2.51
2024-05-04,Bills,NEFT,Wifi,1615.1,7.73
2024-05-15,Health,NEFT,Health Drinks,1486.91,6.11
2024-05-10,Subcription,Credit Card,Spotify,576.52,7.28
2024-05-03,Shopping,Credit Card,Purchase New Cloth,1227.62,9.07
2024-05-18,Bills,Cash,EB,535.11,0.05
2024-05-07,Subcription,NEFT,Hotstar,1695.83,8.08
2024-05-06,Subcription,Cash,Hotstar,1992.95,9.73
2024-05-31,Bills,Credit Card,Gas,233.77,7.75
2024-05-14,Bills,Credit Card,EB,1945.26,0.66
2024-05-30,Shopping,NEFT,Kitchen Things,1074.15,0.49
2024-05-21,Investments,UPI,Postoffice,485.39,6.48
2024-05-19,Bills,Credit Card,Mobile,1265.0,9.7
2024-05-23,Bills,Credit Card,Cable,1133.41,3.47
2024-05-30,Shopping,UPI,New Furnitures,1715.23,1.66
2024-05-15,Groceries,Credit Card,Weekly purchase,867.12,3.44
2024-05-06,Shopping,UPI,New Gadgets,1425.84,9.1
2024-05-13,Shopping,NEFT,New Gadgets,1384.56,1.45
2024-05-21,Fees,Cash,Coursefee,237.15,6.5
2024-05-28,Subcription,UPI,Amazonprime,1627.08,6.96
2024-05-29,Groceries,Cash,Weekly purchase,1135.78,8.16
2024-05-08,Health,UPI,Bought Medicine,780.87,6.43
2024-05-07,Shopping,Credit Card,Electronic Things,1807.37,4.88
2024-05-05,Vegetables,UPI,Weekly purchase,821.77,2.17
2024-05-30,Investments,UPI,Postoffice,695.36,4.98
2024-05-04,Health,UPI,Health Drinks,788.91,5.73
2024-05-01,Shopping,Credit Card,New Furnitures,25.14,1.87
2024-05-25,Fees,Cash,Semfee,1428.82,9.81
2024-05-01,Vegetables,UPI,Weekly purchase,1013.0,2.7
2024-05-27,Bills,Credit Card,Cable,455.08,8.32
2024-05-15,Groceries,NEFT,Weekly purchase,1427.83,6.61
2024-05-13,Investments,Cash,RD,1545.19,6.47
2024-05-24,Groceries,Cash,Weekly purchase,435.84,4.99
2024-05-25,Health,Cash,Nutrition,698.1,8.1
2024-05-22,Vegetables,Credit Card,Weekly purchase,1012.5,3.35
2024-05-02,Groceries,Cash,Weekly purchase,322.51,1.08
2024-05-17,Investments,UPI,Insurance,554.95,1.68
2024-05-21,Bills,Credit Card,Cable,604.48,8.78
2024-05-12,Health,Credit Card,Health Drinks,648.45,9.26
2024-05-15,Investments,UPI,Postoffice,1533.32,8.53
2024-05-16,Groceries,Cash,Weekly purchase,1420.36,7.31
2024-05-30,Investments,Cash,Insurance,1636.51,9.88
2024-05-07,Shopping,Credit Card,New Gadgets,815.97,8.72
2024-05-14,Vegetables,UPI,Weekly purchase,297.23,0.54
2024-05-28,Bills,Cash,Cable,1164.99,1.56
2024-05-12,Investments,UPI,Insurance,1487.42,3.88
2024-05-01,Investments,Credit Card,RD,1944.05,3.4
2024-05-10,Groceries,UPI,Weekly purchase,1088.87,7.2
2024-05-26,Shopping,Cash,Electronic Things,1852.18,6.98
2024-05-27,Shopping,Cash,Purchase New Cloth,182.02,6.11
2024-05-25,Shopping,UPI,Kitchen Things,274.27,0.41
2024-05-19,Health,NEFT,Gym Workout,1352.16,3.35
2024-05-28,Vegetables,UPI,Weekly purchase,1455.55,1.95
2024-05-04,Investments,Credit Card,Postoffice,1490.01,0.79
2024-05-02,Groceries,Credit Card,Weekly purchase,879.55,8.78
2024-05-22,Fees,UPI,Coursefee,763.29,5.76
2024-05-13,Fees,Cash,Coursefee,1200.28,4.21
2024-05-06,Investments,NEFT,Insurance,63.94,2.47
2024-05-02,Investments,Cash,Postoffice,1722.79,3.79
2024-05-09,Bills,Credit Card,Houserent,1613.17,5.04
2024-05-11,Investments,Cash,RD,137.86,7.7
2024-05-24,Vegetables,Credit Card,Weekly purchase,603.27,3.6
2024-05-04,Subcription,UPI,Hotstar,1258.81,8.8
2024-05-14,Health,NEFT,Doctor Consultation,412.58,3.77
2024-05-22,Investments,Credit Card,Insurance,487.02,3.39
2024-05-30,Subcription,UPI,Spotify,931.83,9.97
2024-05-15,Subcription,Cash,Spotify,1823.61,3.87
2024-05-08,Shopping,Credit Card,Electronic Things,1395.25,0.56
2024-05-20,Investments,Credit Card,Insurance,505.51,6.84
2024-05-31,Investments,Cash,Insurance,590.93,9.72
2024-05-11,Groceries,Credit Card,Weekly purchase,1293.82,5.81
2024-05-30,Subcription,Credit Card,Amazonprime,257.92,2.25
2024-05-17,Shopping,UPI,Electronic Things,1670.21,4.75
2024-05-29,Fees,Credit Card,Coursefee,171.51,1.09
2024-05-13,Health,NEFT,Gym Workout,304.01,5.75
2024-05-20,Bills,NEFT,Gas,63.3,9.49
2024-05-22,Shopping,Credit Card,New Gadgets,1258.71,9.64
2024-05-03,Fees,Credit Card,Termfee,1271.0,6.52
2024-05-19,Subcription,Cash,Hotstar,23.02,9.54
2024-05-26,Groceries,Cash,Weekly purchase,1866.27,2.55
2024-05-04,Health,UPI,Bought Medicine,1996.76,2.92
2024-05-14,Shopping,UPI,Purchase New Cloth,1440.07,9.66
2024-05-25,Health,Cash,Doctor Consultation,502.0,6.22
2024-05-25,Fees,Credit Card,Coursefee,262.87,3.02
2024-05-03,Groceries,Cash,Weekly purchase,1452.65,7.88
2024-05-27,Subcription,NEFT,Spotify,373.53,7.64
2024-05-01,Fees,UPI,Termfee,1238.71,1.38
2024-05-19,Health,NEFT,Doctor Consultation,1099.01,4.58
2024-05-23,Fees,Credit Card,Termfee,761.35,3.15
2024-05-23,Subcription,Credit Card,Spotify,1192.0,5.1
2024-05-08,Vegetables,UPI,Weekly purchase,1667.32,4.48
2024-05-31,Health,Credit Card,Gym Workout,1242.41,8.16
2024-05-29,Fees,Cash,Coursefee,1176.06,3.39
2024-05-01,Health,NEFT,Bought Medicine,37.46,6.37
2024-06-05,Investments,UPI,Insurance,1872.7,0.61
2024-06-01,Fees,NEFT,Semfee,803.68,2.27
2024-06-01,Fees,Credit Card,Coursefee,1835.37,6.4
2024-06-27,Groceries,UPI,Weekly purchase,1457.27,7.36
2024-06-19,Bills,Cash,Gas,1593.84,2.66
2024-06-06,Groceries,Credit Card,Weekly purchase,1708.04,4.08
2024-06-25,Bills,UPI,Houserent,1789.22,9.58
2024-06-26,Bills,Cash,Mobile,1657.5,6.31
2024-06-23,Investments,Credit Card,RD,863.09,0.74
2024-06-18,Health,Cash,Nutrition,564.03,5.6
2024-06-22,Investments,Credit Card,Postoffice,1989.01,1.59
2024-06-23,Shopping,Credit Card,New Furnitures,1860.41,2.39
2024-06-23,Vegetables,Credit Card,Weekly purchase,573.25,0.18
2024-06-05,Investments,Cash,Postoffice,969.13,7.54
2024-06-02,Vegetables,NEFT,Weekly purchase,1192.9,4.83
2024-06-27,Fees,Cash,Termfee,721.91,7.66
2024-06-13,Subcription,Credit Card,Hotstar,1766.36,5.05
2024-06-17,Health,UPI,Doctor Consultation,544.96,2.87
2024-06-01,Bills,Credit Card,Mobile,1184.02,7.32
2024-06-06,Bills,Cash,Mobile,714.81,9.63
2024-06-19,Bills,Credit Card,Houserent,442.74,4.76
2024-06-23,Shopping,Cash,New Furnitures,677.42,4.41
2024-06-09,Vegetables,NEFT,Weekly purchase,866.99,7.53
2024-06-05,Subcription,Cash,Spotify,1657.66,2.06
2024-06-06,Fees,Credit Card,Coursefee,283.23,9.2
2024-06-02,Bills,Cash,Cable,1370.44,5.22
2024-06-27,Shopping,Cash,New Furnitures,1141.58,1.66
2024-06-05,Investments,UPI,Postoffice,833.82,6.13
2024-06-04,Bills,Cash,Mobile,1829.02,3.81
2024-06-01,Fees,UPI,Coursefee,1824.75,0.21
2024-06-29,Health,Credit Card,Health Drinks,588.58,9.26
2024-06-27,Health,UPI,Health Drinks,1041.64,1.99
2024-06-07,Groceries,NEFT,Weekly purchase,1260.44,0.18
2024-06-18,Shopping,Cash,Purchase New Cloth,1031.59,8.5
2024-06-03,Vegetables,Credit Card,Weekly purchase,39.77,9.1
2024-06-19,Bills,Credit Card,Houserent,1215.5,4.55
2024-06-21,Groceries,Cash,Weekly purchase,176.41,8.9
2024-06-27,Investments,NEFT,RD,88.05,0.38
2024-06-20,Groceries,UPI,Weekly purchase,765.09,2.07
2024-06-14,Investments,Credit Card,Postoffice,379.58,0.05
2024-06-27,Health,Cash,Gym Workout,1680.6,0.56
2024-06-29,Vegetables,NEFT,Weekly purchase,294.06,7.0
2024-06-03,Shopping,UPI,Electronic Things,1775.82,0.44
2024-06-23,Bills,Cash,Mobile,1338.95,3.94
2024-06-21,Fees,NEFT,Termfee,502.48,7.83
2024-06-08,Shopping,UPI,Kitchen Things,1274.94,8.71
2024-06-24,Vegetables,UPI,Weekly purchase,209.85,4.56
2024-06-25,Bills,Cash,Mobile,986.43,8.02
2024-06-24,Investments,UPI,Insurance,373.53,8.06
2024-06-30,Investments,UPI,Postoffice,948.84,0.2
2024-06-14,Subcription,Credit Card,Amazonprime,96.0,5.44
2024-06-01,Investments,UPI,Insurance,1214.67,6.37
2024-06-05,Subcription,UPI,Hotstar,814.28,4.88
2024-06-19,Fees,Cash,Semfee,242.2,4.98
2024-06-22,Vegetables,Cash,Weekly purchase,899.19,3.48
2024-06-25,Bills,NEFT,Cable,1685.61,8.39
2024-06-06,Vegetables,Credit Card,Weekly purchase,872.02,7.95
2024-06-01,Vegetables,Cash,Weekly purchase,18.49,5.55
2024-06-09,Shopping,NEFT,Kitchen Things,1764.75,8.83
2024-06-13,Subcription,Cash,Amazonprime,1365.58,1.67
2024-06-25,Groceries,Cash,Weekly purchase,1050.68,0.75
2024-06-15,Shopping,Credit Card,New Furnitures,951.22,4.07
2024-06-05,Health,UPI,Nutrition,1190.93,4.7
2024-06-12,Groceries,NEFT,Weekly purchase,999.13,2.31
2024-06-21,Investments,UPI,RD,428.4,1.39
2024-06-29,Subcription,Cash,Amazonprime,895.65,2.78
2024-06-06,Investments,NEFT,Insurance,1386.01,3.18
2024-06-30,Bills,Credit Card,Cable,1554.47,3.46
2024-06-06,Shopping,NEFT,Electronic Things,580.88,4.89
2024-06-07,Investments,UPI,Postoffice,1746.3,2.97
2024-06-08,Bills,Credit Card,Mobile,304.14,4.97
2024-06-11,Shopping,NEFT,New Gadgets,991.38,1.07
2024-06-27,Health,Cash,Doctor Consultation,293.11,0.88
2024-06-13,Vegetables,Credit Card,Weekly purchase,1139.47,5.79
2024-06-19,Shopping,Credit Card,Kitchen Things,1054.52,2.78
2024-06-13,Groceries,Credit Card,Weekly purchase,810.86,3.71
2024-06-29,Groceries,UPI,Weekly purchase,935.23,3.48
2024-06-14,Vegetables,UPI,Weekly purchase,890.68,6.59
2024-06-13,Shopping,UPI,Electronic Things,903.59,0.4
2024-06-09,Groceries,NEFT,Weekly purchase,1525.49,3.39
2024-06-16,Fees,NEFT,Termfee,795.35,6.59
2024-06-14,Shopping,UPI,Kitchen Things,429.77,5.79
2024-06-07,Groceries,Cash,Weekly purchase,362.89,9.15
2024-06-25,Groceries,UPI,Weekly purchase,159.57,0.37
2024-06-17,Shopping,Credit Card,Kitchen Things,739.52,1.27
2024-06-26,Bills,Credit Card,Wifi,147.83,3.21
2024-06-24,Vegetables,UPI,Weekly purchase,1521.69,6.57
2024-06-21,Shopping,NEFT,Purchase New Cloth,1376.63,2.07
2024-06-10,Subcription,UPI,Spotify,1128.65,0.42
2024-06-18,Shopping,Credit Card,Kitchen Things,1256.95,4.63
2024-06-11,Fees,UPI,Termfee,844.55,0.06
2024-06-23,Bills,Cash,EB,1381.53,2.93
2024-06-23,Groceries,Credit Card,Weekly purchase,1312.15,5.54
2024-06-14,Shopping,NEFT,New Furnitures,113.66,2.72
2024-06-14,Fees,NEFT,Termfee,480.59,4.13
2024-06-16,Groceries,UPI,Weekly purchase,1274.1,1.91
2024-06-13,Bills,Credit Card,Wifi,1082.27,8.1
2024-06-01,Subcription,Cash,Amazonprime,1000.96,5.06
2024-06-21,Health,NEFT,Doctor Consultation,373.04,6.77
2024-06-10,Bills,Cash,EB,1367.03,7.87
2024-07-25,Shopping,Credit Card,New Gadgets,1633.55,0.98
2024-07-04,Bills,NEFT,Cable,986.41,0.67
2024-07-10,Health,NEFT,Nutrition,815.55,4.63
2024-07-04,Fees,NEFT,Termfee,1616.83,4.53
2024-07-27,Shopping,Cash,Kitchen Things,581.49,2.93
2024-07-05,Fees,NEFT,Semfee,317.81,0.92
2024-07-11,Health,NEFT,Gym Workout,1589.4,7.5
2024-07-29,Subcription,Credit Card,Amazonprime,1303.45,2.61
2024-07-06,Investments,NEFT,Postoffice,842.31,4.44
2024-07-02,Health,NEFT,Gym Workout,1836.13,9.75
2024-07-03,Groceries,UPI,Weekly purchase,434.91,8.35
2024-07-30,Fees,UPI,Termfee,508.33,8.73
2024-07-07,Groceries,Cash,Weekly purchase,1566.0,0.16
2024-07-27,Health,Credit Card,Bought Medicine,562.19,9.45
2024-07-12,Investments,NEFT,Insurance,602.71,9.19
2024-07-19,Bills,UPI,Gas,578.94,0.29
2024-07-09,Vegetables,Cash,Weekly purchase,1199.51,8.0
2024-07-13,Shopping,Credit Card,New Furnitures,1783.11,6.11
2024-07-08,Health,Cash,Doctor Consultation,691.99,3.74
2024-07-15,Bills,UPI,Wifi,791.95,3.63
2024-07-02,Vegetables,NEFT,Weekly purchase,1323.02,2.23
2024-07-29,Shopping,NEFT,Electronic Things,82.21,4.64
2024-07-10,Subcription,Credit Card,Spotify,425.93,2.84
2024-07-31,Fees,UPI,Termfee,1885.59,8.58
2024-07-01,Fees,Credit Card,Coursefee,1982.23,1.64
2024-07-06,Bills,NEFT,Houserent,24.92,0.49
2024-07-17,Groceries,Cash,Weekly purchase,1344.1,7.63
2024-07-13,Investments,UPI,Insurance,670.74,6.1
2024-07-04,Subcription,NEFT,Spotify,1747.92,4.02
2024-07-03,Shopping,UPI,Purchase New Cloth,118.9,7.14
2024-07-21,Shopping,UPI,Purchase New Cloth,910.13,2.05
2024-07-14,Investments,NEFT,RD,954.75,2.44
2024-07-31,Subcription,NEFT,Hotstar,672.15,2.27
2024-07-21,Shopping,Cash,New Gadgets,710.84,8.24
2024-07-13,Investments,Credit Card,RD,238.24,8.02
2024-07-17,Vegetables,UPI,Weekly purchase,757.2,5.01
2024-07-14,Groceries,NEFT,Weekly purchase,1637.1,7.18
2024-07-28,Shopping,Cash,New Gadgets,581.84,8.87
2024-07-12,Groceries,NEFT,Weekly purchase,383.25,8.59
2024-07-16,Vegetables,NEFT,Weekly purchase,1516.27,5.1
2024-07-09,Health,NEFT,Bought Medicine,319.44,2.53
2024-07-08,Shopping,NEFT,Electronic Things,817.12,3.84
2024-07-22,Groceries,NEFT,Weekly purchase,1661.32,4.95
2024-07-04,Bills,Credit Card,Houserent,283.26,8.32
2024-07-12,Bills,Credit Card,EB,844.85,9.86
2024-07-20,Bills,Cash,Houserent,622.96,5.19
2024-07-30,Shopping,Credit Card,New Gadgets,1413.65,5.51
2024-07-30,Vegetables,NEFT,Weekly purchase,477.21,0.9
2024-07-16,Subcription,Credit Card,Spotify,267.07,3.29
2024-07-11,Groceries,Credit Card,Weekly purchase,95.56,0.94
2024-07-18,Shopping,UPI,Purchase New Cloth,863.76,4.54
2024-07-02,Health,Credit Card,Gym Workout,962.65,9.96
2024-07-09,Bills,NEFT,Mobile,81.27,0.51
2024-07-21,Investments,NEFT,Postoffice,697.78,5.92
2024-07-29,Subcription,NEFT,Spotify,930.51,7.93
2024-07-05,Fees,Cash,Termfee,1543.06,9.69
2024-07-25,Investments,UPI,Insurance,1852.15,6.94
2024-07-28,Vegetables,Credit Card,Weekly purchase,116.52,6.27
2024-07-14,Investments,Credit Card,RD,873.64,4.73
2024-07-24,Investments,Credit Card,Insurance,454.9,4.65
2024-07-17,Vegetables,UPI,Weekly purchase,75.54,7.21
2024-07-02,Bills,UPI,Cable,946.61,5.83
2024-07-26,Bills,Credit Card,Cable,1530.28,6.72
2024-07-05,Bills,Credit Card,Houserent,527.01,0.67
2024-07-14,Shopping,UPI,Purchase New Cloth,1758.95,8.31
2024-07-15,Subcription,NEFT,Spotify,845.84,0.95
2024-07-19,Vegetables,Cash,Weekly purchase,813.05,2.58
2024-07-14,Vegetables,Cash,Weekly purchase,1242.14,1.54
2024-07-03,Shopping,UPI,Kitchen Things,1320.2,7.12
2024-07-17,Bills,Cash,Gas,352.91,1.05
2024-07-21,Groceries,Credit Card,Weekly purchase,536.07,9.71
2024-07-11,Health,Cash,Doctor Consultation,483.35,5.67
2024-07-25,Fees,Cash,Semfee,1243.99,8.19
2024-07-05,Shopping,UPI,Kitchen Things,1814.72,2.13
2024-07-21,Subcription,UPI,Spotify,885.06,0.69
2024-07-04,Fees,UPI,Semfee,1754.55,4.87
2024-07-30,Vegetables,Cash,Weekly purchase,115.72,2.12
2024-07-11,Investments,Credit Card,Insurance,1943.56,2.94
2024-07-02,Groceries,Credit Card,Weekly purchase,1320.82,7.92
2024-07-03,Bills,Cash,Mobile,1152.48,7.8
2024-07-23,Shopping,Cash,New Furnitures,558.63,5.8
2024-07-01,Subcription,NEFT,Amazonprime,1280.54,8.75
2024-07-02,Subcription,Cash,Hotstar,942.18,3.75
2024-07-06,Shopping,Credit Card,New Gadgets,1114.01,0.89
2024-07-13,Groceries,NEFT,Weekly purchase,1902.85,0.08
2024-07-29,Groceries,UPI,Weekly purchase,328.05,7.54
2024-07-17,Shopping,NEFT,Kitchen Things,402.11,4.33
2024-07-26,Health,NEFT,Nutrition,472.79,0.5
2024-07-09,Vegetables,Credit Card,Weekly purchase,1970.37,9.78
2024-07-30,Shopping,UPI,Kitchen Things,226.97,8.61
2024-07-19,Groceries,UPI,Weekly purchase,1166.53,8.48
2024-07-24,Investments,NEFT,RD,1797.53,6.58
2024-07-28,Health,NEFT,Bought Medicine,775.29,0.59
2024-07-01,Investments,UPI,Postoffice,1180.2,6.0
2024-07-10,Bills,Cash,Houserent,583.36,1.0
2024-07-22,Groceries,NEFT,Weekly purchase,1101.72,9.81
2024-07-17,Health,NEFT,Doctor Consultation,1595.29,9.43
2024-07-18,Subcription,Cash,Spotify,1875.03,7.04
2024-07-26,Shopping,Cash,New Gadgets,51.24,4.63
2024-07-30,Shopping,Credit Card,Purchase New Cloth,1782.83,0.5
2024-08-05,Investments,UPI,Insurance,1783.54,2.87
2024-08-28,Bills,NEFT,Houserent,1750.29,9.22
2024-08-06,Fees,UPI,Coursefee,1322.67,1.54
2024-08-17,Vegetables,UPI,Weekly purchase,1364.01,3.21
2024-08-05,Shopping,Credit Card,Electronic Things,500.72,6.78
2024-08-07,Subcription,UPI,Hotstar,435.1,6.14
2024-08-24,Groceries,Cash,Weekly purchase,164.34,3.13
2024-08-04,Vegetables,Cash,Weekly purchase,1611.33,0.99
2024-08-03,Health,UPI,Health Drinks,1447.45,6.16
2024-08-30,Vegetables,NEFT,Weekly purchase,124.78,3.45
2024-08-08,Fees,Cash,Coursefee,250.46,0.01
2024-08-08,Vegetables,Cash,Weekly purchase,617.18,0.95
2024-08-03,Groceries,Cash,Weekly purchase,157.26,7.0
2024-08-23,Health,UPI,Health Drinks,1555.31,8.79
2024-08-23,Subcription,NEFT,Spotify,1476.87,1.24
2024-08-16,Investments,Cash,Insurance,1041.07,1.76
2024-08-05,Subcription,UPI,Hotstar,1070.73,7.14
2024-08-27,Fees,Cash,Termfee,1787.49,9.16
2024-08-20,Investments,Credit Card,Postoffice,1866.21,1.54
2024-08-04,Fees,UPI,Coursefee,656.63,4.45
2024-08-30,Vegetables,NEFT,Weekly purchase,359.25,7.84
2024-08-22,Subcription,NEFT,Hotstar,291.88,2.16
2024-08-01,Health,Credit Card,Health Drinks,1500.91,8.38
2024-08-26,Health,UPI,Gym Workout,113.23,0.26
2024-08-28,Fees,NEFT,Coursefee,691.65,7.54
2024-08-05,Subcription,UPI,Spotify,1087.84,9.58
2024-08-01,Vegetables,NEFT,Weekly purchase,511.27,1.39
2024-08-23,Investments,NEFT,RD,1931.35,6.14
2024-08-17,Bills,NEFT,Mobile,1036.01,4.98
2024-08-20,Groceries,UPI,Weekly purchase,1724.48,1.27
2024-08-10,Subcription,UPI,Hotstar,1204.42,9.15
2024-08-15,Vegetables,NEFT,Weekly purchase,394.82,8.65
2024-08-12,Investments,Cash,Insurance,709.63,1.96
2024-08-15,Investments,UPI,Insurance,506.83,3.59
2024-08-14,Investments,UPI,Postoffice,1641.66,4.04
2024-08-11,Vegetables,Credit Card,Weekly purchase,1877.1,9.02
2024-08-13,Subcription,NEFT,Spotify,880.58,0.87
2024-08-25,Health,Credit Card,Bought Medicine,1696.44,8.75
2024-08-08,Fees,NEFT,Semfee,1896.55,8.83
2024-08-12,Groceries,UPI,Weekly purchase,1758.73,1.6
2024-08-03,Fees,Credit Card,Termfee,695.82,4.52
2024-08-15,Groceries,UPI,Weekly purchase,1953.13,6.45
2024-08-07,Shopping,NEFT,Purchase New Cloth,1216.3,4.5
2024-08-08,Health,NEFT,Health Drinks,819.26,8.02
2024-08-11,Investments,UPI,RD,876.64,1.67
2024-08-01,Fees,Credit Card,Coursefee,195.53,3.89
2024-08-30,Subcription,Credit Card,Hotstar,1163.71,5.34
2024-08-28,Investments,NEFT,Postoffice,1327.49,1.97
2024-08-02,Subcription,Cash,Amazonprime,1362.96,4.21
2024-08-13,Shopping,Cash,Electronic Things,182.56,3.58
2024-08-23,Subcription,UPI,Hotstar,1940.27,0.45
2024-08-23,Investments,UPI,RD,1851.17,9.63
2024-08-19,Investments,Credit Card,Insurance,1814.71,6.65
2024-08-17,Subcription,Credit Card,Spotify,988.3,1.95
2024-08-17,Health,UPI,Nutrition,1742.17,5.71
2024-08-18,Vegetables,NEFT,Weekly purchase,1577.09,2.98
2024-08-20,Fees,UPI,Coursefee,878.51,8.42
2024-08-18,Vegetables,Cash,Weekly purchase,102.56,9.65
2024-08-02,Bills,NEFT,Cable,747.37,6.35
2024-08-14,Health,NEFT,Doctor Consultation,418.85,5.75
2024-08-03,Fees,UPI,Termfee,826.86,4.27
2024-08-06,Fees,Credit Card,Coursefee,1552.55,5.14
2024-08-18,Fees,UPI,Termfee,1802.97,9.25
2024-08-08,Vegetables,NEFT,Weekly purchase,1581.51,7.18
2024-08-13,Subcription,UPI,Spotify,1401.33,5.82
2024-08-23,Investments,UPI,Postoffice,269.51,3.28
2024-08-08,Subcription,UPI,Spotify,1602.37,5.09
2024-08-13,Investments,Credit Card,RD,1193.57,3.75
2024-08-26,Groceries,Cash,Weekly purchase,11.51,4.34
2024-08-06,Investments,NEFT,Insurance,1791.56,4.72
2024-08-03,Shopping,Cash,Electronic Things,314.71,7.84
2024-08-30,Vegetables,NEFT,Weekly purchase,734.87,7.84
2024-08-01,Vegetables,Cash,Weekly purchase,691.38,8.3
2024-08-31,Shopping,NEFT,Purchase New Cloth,736.86,8.88
2024-08-27,Fees,NEFT,Termfee,800.55,0.01
2024-08-21,Vegetables,Credit Card,Weekly purchase,1580.86,4.86
2024-08-14,Health,Cash,Bought Medicine,768.2,1.86
2024-08-05,Bills,NEFT,Cable,1206.44,0.42
2024-08-29,Groceries,NEFT,Weekly purchase,1990.74,3.7
2024-08-21,Groceries,NEFT,Weekly purchase,1157.95,6.83
2024-08-30,Fees,UPI,Termfee,1187.28,6.33
2024-08-06,Bills,Credit Card,Houserent,1672.07,3.0
2024-08-22,Fees,Cash,Semfee,1111.62,4.75
2024-08-06,Subcription,UPI,Hotstar,36.0,3.84
2024-08-26,Shopping,NEFT,New Furnitures,1058.75,2.52
2024-08-11,Vegetables,Cash,Weekly purchase,1225.94,3.71
2024-08-02,Health,Cash,Nutrition,1222.26,0.89
2024-08-14,Bills,Credit Card,Houserent,490.35,9.02
2024-08-06,Vegetables,Cash,Weekly purchase,1841.55,6.07
2024-08-16,Bills,Credit Card,EB,1160.25,1.64
2024-08-10,Health,NEFT,Bought Medicine,1813.7,6.55
2024-08-03,Health,NEFT,Bought Medicine,1746.43,9.31
2024-08-02,Shopping,Credit Card,Purchase New Cloth,574.69,3.9
2024-08-13,Bills,Credit Card,Wifi,1877.76,4.06
2024-08-09,Bills,Cash,EB,1422.03,3.43
2024-08-07,Fees,Cash,Semfee,1359.42,5.54
2024-08-08,Subcription,NEFT,Amazonprime,1690.28,3.87
2024-08-18,Investments,NEFT,Postoffice,1366.81,5.64
2024-08-04,Fees,Credit Card,Coursefee,654.02,6.37
2024-08-12,Shopping,UPI,Electronic Things,1615.94,3.77
2024-09-28,Bills,Credit Card,Wifi,1686.4,1.92
2024-09-13,Investments,UPI,Postoffice,711.12,4.84
2024-09-20,Fees,UPI,Coursefee,1655.93,4.11
2024-09-01,Investments,UPI,Postoffice,1679.44,5.03
2024-09-28,Health,Cash,Doctor Consultation,978.82,7.82
2024-09-06,Health,NEFT,Bought Medicine,152.05,6.74
2024-09-03,Subcription,UPI,Hotstar,1164.09,6.52
2024-09-23,Investments,NEFT,Postoffice,1511.19,9.15
2024-09-14,Health,Cash,Nutrition,1735.23,3.58
2024-09-28,Bills,Credit Card,EB,977.61,3.42
2024-09-22,Subcription,Credit Card,Hotstar,199.28,8.81
2024-09-08,Bills,Cash,Cable,786.08,6.1
2024-09-09,Groceries,UPI,Weekly purchase,26.88,8.92
2024-09-07,Vegetables,Credit Card,Weekly purchase,1824.43,5.98
2024-09-10,Subcription,UPI,Spotify,287.89,9.73
2024-09-12,Subcription,Credit Card,Spotify,752.85,7.85
2024-09-11,Shopping,NEFT,Kitchen Things,1675.82,2.45
2024-09-11,Bills,NEFT,Gas,853.12,3.06
2024-09-24,Vegetables,Cash,Weekly purchase,1470.49,6.35
2024-09-18,Vegetables,Credit Card,Weekly purchase,821.39,9.46
2024-09-29,Subcription,NEFT,Spotify,1950.86,4.83
2024-09-02,Shopping,Cash,Electronic Things,1432.57,1.58
2024-09-11,Shopping,NEFT,Electronic Things,1424.78,0.83
2024-09-01,Bills,UPI,Mobile,387.81,1.31
2024-09-13,Health,NEFT,Bought Medicine,460.07,0.13
2024-09-01,Bills,Credit Card,Gas,307.11,2.73
2024-09-29,Vegetables,Credit Card,Weekly purchase,1157.61,1.91
2024-09-20,Vegetables,Credit Card,Weekly purchase,1229.7,9.64
2024-09-27,Shopping,Cash,Electronic Things,69.24,1.93
2024-09-24,Fees,NEFT,Semfee,1015.75,0.75
2024-09-26,Subcription,Credit Card,Amazonprime,1231.95,6.3
2024-09-10,Vegetables,Credit Card,Weekly purchase,1929.81,1.87
2024-09-26,Shopping,Credit Card,Purchase New Cloth,1561.8,8.56
2024-09-03,Vegetables,Credit Card,Weekly purchase,64.65,5.64
2024-09-24,Subcription,Cash,Hotstar,1387.28,2.98
2024-09-17,Fees,UPI,Termfee,582.67,5.82
2024-09-18,Fees,Credit Card,Coursefee,576.72,7.51
2024-09-08,Bills,Credit Card,Houserent,478.39,4.9
2024-09-22,Subcription,UPI,Spotify,497.99,1.21
2024-09-29,Bills,Credit Card,Wifi,1569.35,3.17
2024-09-03,Vegetables,Cash,Weekly purchase,89.2,1.11
2024-09-05,Shopping,Cash,Electronic Things,1014.79,1.02
2024-09-20,Groceries,UPI,Weekly purchase,81.14,8.45
2024-09-15,Subcription,UPI,Hotstar,1555.15,7.81
2024-09-08,Health,NEFT,Health Drinks,193.67,8.76
2024-09-07,Vegetables,UPI,Weekly purchase,461.21,8.98
2024-09-08,Vegetables,Cash,Weekly purchase,972.15,7.14
2024-09-11,Bills,Cash,Cable,1943.82,6.11
2024-09-13,Groceries,NEFT,Weekly purchase,1120.42,6.94
2024-09-01,Shopping,Cash,Kitchen Things,1030.46,2.66
2024-09-28,Fees,NEFT,Semfee,879.25,9.52
2024-09-25,Health,Credit Card,Nutrition,1656.09,9.27
2024-09-26,Subcription,Cash,Amazonprime,1897.88,8.35
2024-09-09,Shopping,UPI,Kitchen Things,190.23,2.35
2024-09-04,Subcription,NEFT,Hotstar,1871.52,9.6
2024-09-16,Groceries,Credit Card,Weekly purchase,1641.06,3.3
2024-09-19,Health,Credit Card,Doctor Consultation,1507.53,6.25
2024-09-27,Subcription,Credit Card,Spotify,152.12,7.3
2024-09-02,Subcription,UPI,Spotify,991.18,2.93
2024-09-23,Health,Credit Card,Gym Workout,939.39,0.42
2024-09-01,Fees,UPI,Coursefee,1991.58,1.53
2024-09-04,Shopping,NEFT,New Gadgets,927.43,8.29
2024-09-27,Fees,NEFT,Semfee,1085.33,6.83
2024-09-19,Investments,UPI,RD,733.98,5.4
2024-09-25,Investments,Cash,Insurance,1594.79,6.78
2024-09-27,Fees,UPI,Coursefee,227.95,1.76
2024-09-19,Vegetables,Cash,Weekly purchase,1850.62,0.05
2024-09-15,Subcription,Cash,Hotstar,617.62,6.01
2024-09-18,Groceries,NEFT,Weekly purchase,111.97,4.76
2024-09-06,Fees,NEFT,Coursefee,1273.55,0.88
2024-09-21,Groceries,NEFT,Weekly purchase,918.65,0.86
2024-09-17,Shopping,Credit Card,New Gadgets,943.91,5.9
2024-09-25,Health,UPI,Health Drinks,995.43,0.53
2024-09-25,Fees,Cash,Semfee,1858.19,3.92
2024-09-03,Groceries,UPI,Weekly purchase,366.53,3.46
2024-09-14,Investments,NEFT,Postoffice,1513.72,7.25
2024-09-12,Groceries,Cash,Weekly purchase,1556.68,4.38
2024-09-29,Shopping,Cash,Electronic Things,440.96,1.99
2024-09-23,Fees,Credit Card,Coursefee,1471.7,3.52
2024-09-02,Investments,Credit Card,Insurance,665.71,5.76
2024-09-24,Investments,NEFT,Insurance,1256.65,0.75
2024-09-18,Health,UPI,Doctor Consultation,1314.63,1.67
2024-09-03,Health,UPI,Nutrition,692.05,7.31
2024-09-14,Vegetables,Cash,Weekly purchase,1866.05,9.24
2024-09-30,Investments,Credit Card,RD,1572.33,1.13
2024-09-04,Groceries,UPI,Weekly purchase,823.26,5.89
2024-09-07,Groceries,Cash,Weekly purchase,1673.91,3.95
2024-09-10,Vegetables,Credit Card,Weekly purchase,1136.71,7.46
2024-09-05,Bills,Cash,Gas,624.84,6.35
2024-09-29,Bills,Credit Card,Houserent,186.52,3.4
2024-09-13,Subcription,Cash,Amazonprime,482.72,5.18
2024-09-30,Vegetables,Cash,Weekly purchase,1226.28,1.98
2024-09-25,Health,UPI,Bought Medicine,1854.68,6.9
2024-09-22,Bills,UPI,Mobile,1523.0,3.65
2024-09-18,Bills,Credit Card,EB,589.88,5.51
2024-09-04,Vegetables,Credit Card,Weekly purchase,462.78,5.02
2024-09-18,Subcription,UPI,Amazonprime,833.6,8.38
2024-09-15,Investments,Credit Card,Postoffice,1664.86,5.6
2024-09-05,Health,UPI,Health Drinks,312.49,8.79
2024-09-19,Bills,Credit Card,Houserent,944.07,1.38
2024-10-20,Bills,NEFT,Gas,533.82,5.14
2024-10-10,Health,NEFT,Gym Workout,1871.68,8.02
2024-10-18,Health,NEFT,Gym Workout,1300.16,3.63
2024-10-15,Subcription,Credit Card,Spotify,602.28,7.03
2024-10-19,Groceries,Credit Card,Weekly purchase,1083.29,7.07
2024-10-22,Fees,UPI,Coursefee,1520.61,4.87
2024-10-09,Groceries,Cash,Weekly purchase,1805.94,3.24
2024-10-07,Subcription,Cash,Hotstar,1584.86,4.35
2024-10-07,Subcription,Credit Card,Hotstar,627.57,4.24
2024-10-10,Shopping,NEFT,Purchase New Cloth,703.45,7.32
2024-10-24,Bills,NEFT,Gas,464.01,3.26
2024-10-27,Health,Cash,Doctor Consultation,1212.73,0.73
2024-10-23,Shopping,UPI,Electronic Things,547.82,5.67
2024-10-29,Health,UPI,Nutrition,1196.56,5.05
2024-10-03,Investments,UPI,Insurance,1148.61,4.72
2024-10-08,Health,Cash,Gym Workout,1770.8,5.21
2024-10-31,Shopping,Credit Card,New Furnitures,801.42,2.37
2024-10-21,Investments,Credit Card,Postoffice,1205.96,4.4
2024-10-14,Shopping,UPI,New Gadgets,1135.34,1.58
2024-10-19,Health,Credit Card,Health Drinks,249.05,1.94
2024-10-02,Investments,NEFT,RD,936.75,4.89
2024-10-13,Health,UPI,Gym Workout,1656.44,9.69
2024-10-06,Bills,Cash,Gas,926.87,7.59
2024-10-13,Groceries,UPI,Weekly purchase,317.04,5.4
2024-10-09,Health,NEFT,Nutrition,952.07,0.41
2024-10-12,Investments,Credit Card,RD,1510.25,9.55
2024-10-23,Groceries,Cash,Weekly purchase,1117.46,9.31
2024-10-19,Groceries,UPI,Weekly purchase,348.98,3.77
2024-10-16,Bills,NEFT,EB,1722.19,6.54
2024-10-28,Fees,Cash,Semfee,1989.89,9.03
2024-10-23,Vegetables,UPI,Weekly purchase,714.72,8.33
2024-10-02,Bills,NEFT,Cable,929.87,4.83
2024-10-12,Health,UPI,Bought Medicine,211.94,4.45
2024-10-13,Vegetables,Credit Card,Weekly purchase,503.15,9.88
2024-10-27,Vegetables,Credit Card,Weekly purchase,1627.84,4.76
2024-10-26,Subcription,UPI,Hotstar,1205.72,3.89
2024-10-03,Vegetables,UPI,Weekly purchase,656.87,6.6
2024-10-08,Health,UPI,Gym Workout,1201.55,6.07
2024-10-19,Health,Credit Card,Health Drinks,222.87,8.54
2024-10-26,Investments,UPI,Postoffice,1500.83,2.5
2024-10-13,Investments,UPI,Insurance,1510.1,6.66
2024-10-18,Subcription,Credit Card,Hotstar,1068.59,1.93
2024-10-27,Bills,UPI,Mobile,1689.48,7.66
2024-10-14,Bills,UPI,Houserent,123.48,7.89
2024-10-05,Shopping,NEFT,Purchase New Cloth,1753.81,2.59
2024-10-06,Fees,Credit Card,Termfee,1645.82,8.76
2024-10-26,Subcription,Cash,Spotify,966.39,3.3
2024-10-21,Fees,UPI,Termfee,1110.2,0.01
2024-10-19,Health,NEFT,Doctor Consultation,1110.38,8.29
2024-10-18,Investments,Cash,RD,870.72,5.86
2024-10-29,Shopping,NEFT,New Furnitures,853.81,6.83
2024-10-22,Health,NEFT,Health Drinks,1227.38,8.55
2024-10-24,Bills,Cash,Gas,590.92,4.06
2024-10-17,Fees,UPI,Coursefee,1626.52,0.04
2024-10-11,Investments,Cash,Postoffice,1177.65,1.62
2024-10-01,Shopping,UPI,Purchase New Cloth,1211.72,8.47
2024-10-03,Bills,Cash,EB,1454.61,8.82
2024-10-14,Subcription,NEFT,Hotstar,1871.85,0.5
2024-10-26,Fees,NEFT,Semfee,1621.7,7.65
2024-10-13,Investments,Cash,Postoffice,1066.95,1.48
2024-10-21,Investments,NEFT,Postoffice,1798.86,3.59
2024-10-20,Investments,Credit Card,Postoffice,1734.64,2.35
2024-10-03,Groceries,NEFT,Weekly purchase,186.78,1.91
2024-10-25,Vegetables,NEFT,Weekly purchase,1756.75,9.67
2024-10-22,Vegetables,NEFT,Weekly purchase,1226.62,9.42
2024-10-10,Subcription,Credit Card,Spotify,1019.31,9.43
2024-10-27,Bills,UPI,Houserent,322.2,0.52
2024-10-26,Shopping,NEFT,New Gadgets,1592.54,1.7
2024-10-02,Health,Credit Card,Health Drinks,1339.6,2.46
2024-10-30,Shopping,NEFT,Purchase New Cloth,1853.66,4.12
2024-10-21,Groceries,Cash,Weekly purchase,1641.71,6.88
2024-10-19,Bills,UPI,Mobile,994.83,7.65
2024-10-16,Shopping,NEFT,New Furnitures,576.74,9.06
2024-10-21,Investments,Credit Card,Postoffice,1101.12,7.49
2024-10-22,Investments,NEFT,Postoffice,820.22,0.16
2024-10-28,Fees,NEFT,Termfee,439.73,8.17
2024-10-26,Vegetables,NEFT,Weekly purchase,1521.93,4.51
2024-10-31,Bills,UPI,Cable,737.63,2.75
2024-10-16,Vegetables,Cash,Weekly purchase,1470.14,0.7
2024-10-31,Health,Credit Card,Health Drinks,288.75,3.1
2024-10-26,Fees,Credit Card,Semfee,318.13,9.04
2024-10-15,Bills,UPI,Houserent,1610.65,1.14
2024-10-04,Investments,Cash,Postoffice,976.47,2.48
2024-10-07,Groceries,Cash,Weekly purchase,484.15,5.74
2024-10-05,Investments,Cash,Insurance,643.18,4.28
2024-10-07,Investments,UPI,RD,804.67,8.84
2024-10-27,Vegetables,UPI,Weekly purchase,453.09,4.2
2024-10-15,Bills,Cash,Mobile,1311.38,7.44
2024-10-23,Shopping,NEFT,New Gadgets,1983.9,1.18
2024-10-30,Health,Credit Card,Nutrition,531.64,4.15
2024-10-20,Bills,UPI,Mobile,1230.1,0.17
2024-10-19,Bills,Cash,Gas,554.25,2.16
2024-10-05,Health,UPI,Health Drinks,1972.54,0.81
2024-10-11,Fees,UPI,Semfee,835.8,8.44
2024-10-21,Investments,Credit Card,RD,1813.02,4.94
2024-10-15,Health,UPI,Gym Workout,1686.4,9.07
2024-10-17,Investments,Cash,Postoffice,745.13,9.31
2024-10-15,Health,Credit Card,Health Drinks,121.43,2.22
2024-10-26,Health,Cash,Bought Medicine,531.19,6.02
2024-10-22,Vegetables,Cash,Weekly purchase,1876.2,7.05
2024-11-25,Subcription,UPI,Amazonprime,36.57,4.77
2024-11-01,Vegetables,NEFT,Weekly purchase,1876.19,4.63
2024-11-06,Health,Cash,Doctor Consultation,447.07,4.12
2024-11-29,Health,Cash,Gym Workout,1905.65,7.17
2024-11-15,Health,Credit Card,Doctor Consultation,1237.91,5.96
2024-11-01,Subcription,NEFT,Hotstar,1476.03,0.24
2024-11-27,Groceries,Cash,Weekly purchase,982.65,5.9
2024-11-23,Vegetables,Cash,Weekly purchase,318.34,1.32
2024-11-14,Groceries,UPI,Weekly purchase,1275.29,8.54
2024-11-05,Vegetables,UPI,Weekly purchase,1957.95,0.81
2024-11-10,Health,NEFT,Nutrition,1886.29,5.0
2024-11-18,Bills,Cash,EB,508.99,0.69
2024-11-30,Subcription,Credit Card,Amazonprime,691.87,0.59
2024-11-09,Subcription,UPI,Hotstar,449.46,2.54
2024-11-17,Vegetables,UPI,Weekly purchase,1969.03,4.66
2024-11-20,Groceries,UPI,Weekly purchase,1991.25,7.94
2024-11-29,Vegetables,Credit Card,Weekly purchase,983.82,1.5
2024-11-01,Vegetables,NEFT,Weekly purchase,1119.57,2.83
2024-11-15,Groceries,UPI,Weekly purchase,272.24,0.92
2024-11-23,Health,Cash,Doctor Consultation,1205.28,3.98
2024-11-13,Groceries,Credit Card,Weekly purchase,862.23,8.97
2024-11-07,Subcription,UPI,Amazonprime,19.82,1.44
2024-11-22,Investments,Cash,Insurance,1022.68,9.31
2024-11-09,Health,Cash,Nutrition,1874.66,4.74
2024-11-02,Investments,Cash,Postoffice,968.1,6.39
2024-11-09,Vegetables,Cash,Weekly purchase,1123.59,9.52
2024-11-10,Health,Credit Card,Health Drinks,1926.55,3.95
2024-11-22,Groceries,Cash,Weekly purchase,1472.04,0.07
2024-11-06,Shopping,NEFT,Kitchen Things,976.99,9.44
2024-11-21,Investments,NEFT,Postoffice,1746.16,1.46
2024-11-20,Shopping,Cash,New Furnitures,1038.09,4.48
2024-11-11,Groceries,Cash,Weekly purchase,1591.74,6.63
2024-11-12,Groceries,Cash,Weekly purchase,316.84,8.68
2024-11-20,Shopping,NEFT,Electronic Things,1450.77,8.05
2024-11-20,Fees,Cash,Coursefee,1780.92,1.75
2024-11-13,Investments,Credit Card,Insurance,135.98,9.2
2024-11-22,Shopping,UPI,New Furnitures,1813.98,2.26
2024-11-26,Fees,NEFT,Semfee,19.21,2.68
2024-11-22,Health,Cash,Doctor Consultation,1119.18,9.27
2024-11-18,Shopping,Cash,Electronic Things,143.27,9.97
2024-11-22,Fees,NEFT,Termfee,1202.4,8.57
2024-11-27,Bills,NEFT,Cable,1731.29,5.14
2024-11-24,Shopping,Cash,Electronic Things,135.54,2.39
2024-11-11,Shopping,Cash,Kitchen Things,1814.65,9.81
2024-11-28,Fees,UPI,Coursefee,974.76,7.97
2024-11-05,Fees,NEFT,Termfee,1592.83,7.8
2024-11-29,Fees,Credit Card,Termfee,1954.1,1.71
2024-11-13,Bills,UPI,Wifi,1937.08,3.96
2024-11-29,Fees,Cash,Semfee,286.27,3.36
2024-11-23,Subcription,NEFT,Spotify,907.73,5.54
2024-11-13,Shopping,NEFT,Purchase New Cloth,1820.45,8.34
2024-11-01,Shopping,Credit Card,New Furnitures,1399.4,9.95
2024-11-28,Investments,UPI,Postoffice,1617.31,5.24
2024-11-22,Bills,Credit Card,Mobile,928.97,5.41
2024-11-14,Fees,NEFT,Termfee,1097.4,6.52
2024-11-27,Subcription,Credit Card,Spotify,1042.18,6.92
2024-11-23,Investments,Cash,Postoffice,1900.93,3.58
2024-11-30,Bills,NEFT,Wifi,1989.29,1.89
2024-11-21,Fees,Cash,Semfee,1867.79,4.64
2024-11-26,Investments,NEFT,Insurance,310.47,0.05
2024-11-23,Subcription,Cash,Amazonprime,682.94,6.44
2024-11-24,Fees,Credit Card,Termfee,816.69,5.7
2024-11-02,Health,Cash,Health Drinks,1108.36,6.62
2024-11-01,Subcription,NEFT,Hotstar,618.61,9.21
2024-11-16,Subcription,UPI,Amazonprime,410.01,2.15
2024-11-30,Health,NEFT,Bought Medicine,890.62,0.7
2024-11-25,Bills,Cash,Houserent,1896.99,3.25
2024-11-15,Groceries,Credit Card,Weekly purchase,1432.42,0.32
2024-11-04,Vegetables,UPI,Weekly purchase,1603.12,2.95
2024-11-22,Investments,Credit Card,RD,1364.34,6.66
2024-11-09,Vegetables,Cash,Weekly purchase,269.26,1.9
2024-11-13,Investments,NEFT,RD,333.26,0.43
2024-11-10,Subcription,NEFT,Spotify,1816.72,2.36
2024-11-11,Bills,Cash,EB,479.14,5.34
2024-11-01,Bills,UPI,Mobile,1999.45,5.86
2024-11-20,Groceries,UPI,Weekly purchase,47.99,5.5
2024-11-16,Health,UPI,Health Drinks,1222.36,9.32
2024-11-29,Fees,NEFT,Semfee,1694.99,3.38
2024-11-08,Groceries,Credit Card,Weekly purchase,1215.96,4.17
2024-11-25,Bills,NEFT,Houserent,225.21,7.8
2024-11-15,Groceries,NEFT,Weekly purchase,1220.87,7.24
2024-11-29,Vegetables,Credit Card,Weekly purchase,190.52,0.41
2024-11-25,Subcription,NEFT,Hotstar,372.42,3.45
2024-11-03,Bills,Cash,Cable,626.25,7.59
2024-11-28,Health,UPI,Doctor Consultation,748.23,0.03
2024-11-15,Groceries,NEFT,Weekly purchase,1171.48,5.49
2024-11-13,Investments,Credit Card,RD,425.04,8.38
2024-11-22,Subcription,Cash,Amazonprime,1431.5,4.9
2024-11-19,Shopping,Cash,New Gadgets,881.53,4.06
2024-11-11,Fees,Cash,Semfee,356.82,1.76
2024-11-27,Investments,Credit Card,RD,1494.12,6.22
2024-11-20,Bills,NEFT,Houserent,1721.03,4.07
2024-11-01,Bills,Credit Card,EB,1498.32,9.78
2024-11-16,Investments,Credit Card,Postoffice,1313.19,3.42
2024-11-17,Fees,NEFT,Semfee,778.63,8.43
2024-11-13,Vegetables,UPI,Weekly purchase,431.14,1.28
2024-11-07,Fees,NEFT,Coursefee,1344.1,0.78
2024-11-10,Investments,Credit Card,RD,969.1,7.2
2024-11-29,Bills,Credit Card,Mobile,983.41,6.01
2024-11-24,Groceries,Credit Card,Weekly purchase,281.96,1.87
2024-12-24,Shopping,Cash,Purchase New Cloth,257.34,6.44
2024-12-09,Groceries,UPI,Weekly purchase,878.95,3.97
2024-12-10,Investments,NEFT,Insurance,1996.13,0.49
2024-12-23,Fees,UPI,Semfee,540.33,5.28
2024-12-12,Investments,NEFT,Insurance,1319.57,6.16
2024-12-05,Groceries,UPI,Weekly purchase,1894.08,0.1
2024-12-22,Groceries,Credit Card,Weekly purchase,1013.54,0.52
2024-12-19,Fees,Cash,Termfee,1544.3,9.34
2024-12-21,Shopping,NEFT,New Gadgets,368.68,9.6
2024-12-19,Groceries,NEFT,Weekly purchase,760.97,6.11
2024-12-25,Subcription,UPI,Amazonprime,1081.04,5.38
2024-12-14,Subcription,NEFT,Hotstar,85.48,3.23
2024-12-14,Shopping,UPI,New Furnitures,44.03,6.98
2024-12-14,Bills,NEFT,Mobile,439.12,2.58
2024-12-10,Fees,Credit Card,Semfee,1778.07,2.25
2024-12-12,Vegetables,Cash,Weekly purchase,637.68,1.22
2024-12-19,Groceries,UPI,Weekly purchase,1460.3,2.44
2024-12-19,Health,Credit Card,Health Drinks,1893.52,0.45
2024-12-23,Investments,UPI,RD,847.32,8.42
2024-12-30,Vegetables,Credit Card,Weekly purchase,555.74,6.28
2024-12-04,Investments,NEFT,Postoffice,898.48,7.48
2024-12-08,Fees,NEFT,Termfee,1190.28,4.37
2024-12-03,Investments,Cash,Postoffice,836.21,5.52
2024-12-30,Shopping,UPI,New Furnitures,1465.83,6.09
2024-12-27,Health,Credit Card,Doctor Consultation,563.08,7.62
2024-12-28,Bills,NEFT,Wifi,1966.22,2.98
2024-12-26,Bills,NEFT,Mobile,1155.87,4.25
2024-12-01,Bills,Credit Card,Houserent,646.85,4.05
2024-12-14,Investments,NEFT,RD,799.55,8.72
2024-12-22,Subcription,UPI,Hotstar,1296.97,5.96
2024-12-03,Vegetables,UPI,Weekly purchase,1473.47,2.87
2024-12-03,Bills,UPI,EB,158.14,0.08
2024-12-03,Fees,UPI,Coursefee,1888.95,0.7
2024-12-26,Investments,UPI,Insurance,208.29,4.63
2024-12-25,Groceries,Cash,Weekly purchase,1629.27,5.52
2024-12-20,Investments,UPI,Insurance,629.02,1.14
2024-12-29,Health,Cash,Nutrition,782.52,4.67
2024-12-26,Fees,Cash,Termfee,611.62,6.86
2024-12-29,Shopping,Cash,Kitchen Things,874.33,2.84
2024-12-25,Health,Credit Card,Bought Medicine,1569.71,0.8
2024-12-21,Subcription,Credit Card,Amazonprime,1818.63,6.3
2024-12-19,Bills,UPI,EB,1853.79,3.06
2024-12-23,Vegetables,Credit Card,Weekly purchase,434.92,2.88
2024-12-19,Shopping,UPI,Kitchen Things,955.4,7.31
2024-12-08,Shopping,UPI,Purchase New Cloth,1121.7,7.46
2024-12-01,Bills,Cash,Wifi,495.85,8.63
2024-12-21,Subcription,Cash,Amazonprime,555.56,1.2
2024-12-17,Subcription,NEFT,Hotstar,1656.84,3.26
2024-12-28,Groceries,NEFT,Weekly purchase,237.52,4.83
2024-12-20,Health,Credit Card,Nutrition,1086.35,3.75
2024-12-21,Bills,NEFT,Mobile,783.04,5.0
2024-12-08,Vegetables,NEFT,Weekly purchase,404.54,0.09
2024-12-09,Vegetables,Cash,Weekly purchase,1874.03,6.81
2024-12-03,Groceries,Cash,Weekly purchase,389.07,9.65
2024-12-26,Shopping,Cash,Kitchen Things,1080.77,8.03
2024-12-04,Subcription,NEFT,Amazonprime,984.42,9.48
2024-12-27,Health,UPI,Bought Medicine,483.98,5.22
2024-12-23,Subcription,UPI,Amazonprime,1266.5,0.96
2024-12-16,Shopping,UPI,Electronic Things,894.17,4.98
2024-12-19,Subcription,UPI,Amazonprime,1361.64,4.85
2024-12-12,Investments,NEFT,RD,1696.63,5.92
2024-12-26,Vegetables,Credit Card,Weekly purchase,567.66,4.16
2024-12-26,Groceries,NEFT,Weekly purchase,349.71,0.63
2024-12-26,Fees,Cash,Semfee,1257.51,2.85
2024-12-24,Health,UPI,Gym Workout,1936.83,1.01
2024-12-05,Investments,UPI,RD,1430.57,4.38
2024-12-29,Vegetables,UPI,Weekly purchase,727.01,2.15
2024-12-16,Groceries,NEFT,Weekly purchase,789.75,4.66
2024-12-25,Investments,UPI,Postoffice,288.11,1.84
2024-12-23,Investments,Credit Card,Postoffice,950.91,3.45
2024-12-16,Groceries,Credit Card,Weekly purchase,1151.48,5.4
2024-12-27,Fees,Credit Card,Coursefee,1063.21,2.55
2024-12-24,Vegetables,UPI,Weekly purchase,202.51,2.11
2024-12-01,Health,NEFT,Gym Workout,1930.86,8.03
2024-12-05,Fees,UPI,Termfee,1535.55,5.12
2024-12-28,Shopping,Cash,New Furnitures,738.57,9.1
2024-12-12,Subcription,UPI,Amazonprime,1592.78,6.19
2024-12-30,Investments,Credit Card,Postoffice,272.75,8.67
2024-12-20,Groceries,UPI,Weekly purchase,708.88,6.02
2024-12-29,Health,Credit Card,Doctor Consultation,1134.45,1.0
2024-12-30,Shopping,Cash,Electronic Things,1551.93,2.24
2024-12-09,Investments,UPI,RD,187.59,2.6
2024-12-20,Groceries,Cash,Weekly purchase,1627.77,6.08
2024-12-24,Health,UPI,Doctor Consultation,1048.08,1.41
2024-12-12,Health,Credit Card,Doctor Consultation,1269.55,7.22
2024-12-04,Bills,NEFT,Wifi,756.91,8.96
2024-12-02,Bills,Credit Card,Mobile,182.54,5.01
2024-12-12,Investments,Credit Card,Postoffice,599.89,7.88
2024-12-19,Groceries,Cash,Weekly purchase,1505.13,7.65
2024-12-10,Investments,Credit Card,Insurance,1898.26,5.99
2024-12-11,Subcription,Credit Card,Amazonprime,26.04,2.04
2024-12-29,Bills,NEFT,Houserent,1896.55,7.3
2024-12-11,Bills,Credit Card,Houserent,1925.31,1.48
2024-12-04,Groceries,Credit Card,Weekly purchase,309.25,4.08
2024-12-14,Subcription,UPI,Hotstar,1312.72,9.34
2024-12-03,Groceries,UPI,Weekly purchase,839.43,7.67
2024-12-16,Investments,Credit Card,Postoffice,1986.4,0.61
2024-12-14,Investments,Cash,Postoffice,903.25,0.38
2024-12-08,Bills,UPI,Mobile,1288.34,5.0
2024-12-03,Health,Credit Card,Doctor Consultation,522.46,8.58
